,apparentTemperatureHigh,apparentTemperatureLow,apparentTemperatureMax,apparentTemperatureMin,cloudCover,date,dewPoint,humidity,lat,long,moonPhase,ozone,pressure,temperatureHigh,temperatureLow,temperatureMax,temperatureMin,uvIndex,visibility,windBearing,windGust,windSpeed
0,69.96,51.82,69.96,51.14,0.14,2019-12-13,51.74,0.78,34.0,-118.0,0.57,263.1,1019.0,70.46,51.33,70.46,50.65,3.0,9.952,198.0,7.01,2.8
1,71.05,51.14,71.05,50.7,0.19,2019-12-12,48.93,0.71,34.0,-118.0,0.53,267.8,1021.8,71.55,50.65,71.55,50.21,3.0,10.0,168.0,6.98,2.28
2,66.45,50.7,66.45,45.58,0.21,2019-12-11,44.83,0.7,34.0,-118.0,0.5,289.5,1021.8,66.95,50.21,66.95,46.18,3.0,10.0,190.0,7.94,2.69
3,66.87,45.58,66.87,48.19,0.3,2019-12-10,48.82,0.8,34.0,-118.0,0.47,290.3,1022.4,67.37,46.18,67.37,47.7,3.0,10.0,266.0,6.85,1.89
4,67.72,48.19,67.72,48.57,0.1,2019-12-09,51.09,0.85,34.0,-118.0,0.43,308.2,1018.2,68.22,47.7,68.22,48.08,3.0,9.753,189.0,6.97,1.72
5,60.83,48.57,60.83,53.63,0.69,2019-12-08,55.61,0.95,34.0,-118.0,0.4,300.6,1017.4,61.33,48.08,61.33,53.14,2.0,7.675,250.0,9.8,2.24
6,63.41,55.5,63.41,57.22,0.84,2019-12-07,56.86,0.91,34.0,-118.0,0.37,284.7,1019.9,63.82,54.86,63.82,56.48,2.0,9.947,40.0,7.69,1.29
7,64.67,57.06,64.67,53.12,0.6,2019-12-06,50.8,0.76,34.0,-118.0,0.34,287.1,1020.4,65.17,56.57,65.17,52.63,3.0,10.0,345.0,8.19,1.83
8,63.55,53.12,63.55,50.56,0.39,2019-12-05,51.89,0.84,34.0,-118.0,0.31,292.0,1018.9,64.05,52.63,64.05,50.07,3.0,9.988,1.0,5.94,2.05
9,62.35,50.56,62.35,51.8,0.71,2019-12-04,53.3,0.91,34.0,-118.0,0.28,301.7,1014.3,62.86,50.07,62.86,51.31,2.0,7.655,85.0,13.43,2.58
10,68.59,51.8,68.59,52.01,0.92,2019-12-03,45.6,0.62,34.0,-118.0,0.25,297.2,1017.2,69.09,51.31,69.09,51.52,2.0,10.0,251.0,4.09,1.21
11,70.71,51.74,70.71,45.94,0.32,2019-12-02,39.58,0.53,34.0,-118.0,0.22,298.6,1019.6,71.21,51.25,71.21,46.32,3.0,10.0,282.0,7.43,2.25
12,62.47,45.94,62.47,47.19,0.73,2019-12-01,38.97,0.58,34.0,-118.0,0.19,296.1,1019.5,62.97,46.32,62.97,46.7,2.0,10.0,322.0,8.61,1.62
13,54.87,47.19,54.87,40.56,0.48,2019-11-30,40.72,0.76,34.0,-118.0,0.16,296.3,1020.5,55.37,46.7,55.37,41.63,3.0,10.0,14.0,11.13,2.14
14,53.84,40.56,53.84,36.16,0.25,2019-11-29,40.01,0.84,34.0,-118.0,0.12,350.2,1011.9,54.34,41.63,54.34,35.67,3.0,10.0,189.0,12.25,2.55
15,45.6,36.16,46.41,36.11,0.77,2019-11-28,43.24,0.99,34.0,-118.0,0.09,373.6,1003.3,46.16,35.67,46.91,40.41,2.0,9.023,60.0,15.57,4.51
16,51.9,40.28,53.54,44.49,0.68,2019-11-27,43.54,0.82,34.0,-118.0,0.06,326.6,1005.5,52.4,42.87,54.04,44.0,2.0,8.684,53.0,10.12,1.18
17,66.25,49.52,66.25,52.09,0.24,2019-11-26,34.7,0.48,34.0,-118.0,0.02,291.4,1011.9,66.75,49.03,66.75,51.6,3.0,10.0,247.0,8.82,2.31
18,67.89,52.09,67.89,47.49,0.08,2019-11-25,45.66,0.65,34.0,-118.0,0.98,280.7,1011.2,68.39,51.6,68.39,47.0,4.0,10.0,163.0,11.42,2.26
19,77.19,47.49,77.19,51.17,0.02,2019-11-24,33.92,0.35,34.0,-118.0,0.95,280.2,1017.6,77.69,47.0,77.69,50.68,4.0,10.0,246.0,11.21,3.04
20,74.97,51.17,74.97,55.95,0.09,2019-11-23,38.77,0.41,34.0,-118.0,0.91,281.1,1019.4,75.47,50.68,75.47,55.46,4.0,10.0,252.0,8.27,2.35
21,70.1,55.95,70.1,49.46,0.16,2019-11-22,46.78,0.67,34.0,-118.0,0.87,279.6,1019.6,70.6,55.46,70.6,48.97,4.0,10.0,300.0,8.62,2.18
22,63.81,49.46,63.81,49.34,0.17,2019-11-21,48.33,0.78,34.0,-118.0,0.84,307.9,1012.4,64.31,48.97,64.31,49.35,3.0,10.0,83.0,8.95,2.5
23,53.98,49.34,58.89,50.08,0.59,2019-11-20,48.27,0.83,34.0,-118.0,0.8,327.6,1002.6,54.48,49.35,59.39,49.59,2.0,9.975,121.0,11.81,3.07
24,78.61,52.83,78.61,59.59,0.45,2019-11-19,39.86,0.4,34.0,-118.0,0.76,275.0,1005.8,79.11,52.34,79.11,59.1,4.0,10.0,155.0,12.5,1.77
25,92.39,60.94,92.39,67.44,0.1,2019-11-18,26.36,0.17,34.0,-118.0,0.73,265.0,1011.4,92.89,60.45,92.89,66.95,4.0,10.0,244.0,12.08,2.45
26,92.31,67.44,92.31,61.55,0.02,2019-11-17,30.71,0.2,34.0,-118.0,0.69,267.4,1014.3,92.81,66.95,92.81,61.06,4.0,10.0,252.0,10.56,2.44
27,81.05,61.45,81.05,52.19,0.04,2019-11-16,49.52,0.6,34.0,-118.0,0.65,286.7,1014.7,81.55,60.96,81.55,51.7,4.0,10.0,207.0,9.42,2.44
28,71.79,52.19,71.79,52.94,0.42,2019-11-15,55.05,0.87,34.0,-118.0,0.62,288.4,1017.9,72.29,51.7,72.29,52.45,3.0,10.0,242.0,11.71,1.95
29,73.52,52.94,73.52,53.24,0.62,2019-11-14,54.86,0.87,34.0,-118.0,0.59,276.1,1018.3,74.02,52.45,74.02,52.75,4.0,9.736,241.0,11.55,2.59
30,71.51,53.24,71.51,52.23,0.47,2019-11-13,54.94,0.84,34.0,-118.0,0.55,268.2,1015.7,72.01,52.75,72.01,51.74,4.0,9.018,222.0,11.28,2.91
31,78.63,52.23,78.63,51.81,0.14,2019-11-12,54.09,0.75,34.0,-118.0,0.52,255.0,1016.9,79.13,51.74,79.13,51.32,5.0,9.229,237.0,11.02,2.32
32,74.07,51.81,74.07,57.67,0.2,2019-11-11,55.27,0.79,34.0,-118.0,0.49,249.1,1016.2,74.57,51.32,74.57,57.18,5.0,9.179,225.0,10.9,2.45
33,77.07,57.18,77.07,55.33,0.14,2019-11-10,50.26,0.64,34.0,-118.0,0.46,256.8,1015.1,77.57,56.62,77.57,54.84,5.0,9.516,207.0,9.65,2.54
34,89.69,55.33,89.69,64.54,0.0,2019-11-09,28.32,0.18,34.0,-118.0,0.43,268.6,1015.5,90.19,54.84,90.19,64.05,5.0,10.0,233.0,13.67,3.22
35,86.81,65.78,86.81,57.04,0.04,2019-11-08,39.01,0.32,34.0,-118.0,0.39,278.4,1018.3,87.31,65.29,87.31,56.55,5.0,10.0,218.0,12.15,2.47
36,77.78,57.04,77.78,55.45,0.22,2019-11-07,55.07,0.77,34.0,-118.0,0.36,283.6,1018.0,78.28,56.55,78.28,54.95,5.0,9.265,244.0,7.98,2.0
37,72.33,55.45,72.33,52.93,0.17,2019-11-06,53.47,0.78,34.0,-118.0,0.33,275.2,1015.3,72.83,54.95,72.83,52.44,5.0,9.946,214.0,8.98,2.98
38,80.05,52.93,80.05,55.88,0.02,2019-11-05,41.78,0.41,34.0,-118.0,0.3,273.8,1015.2,80.55,52.44,80.55,55.39,5.0,10.0,233.0,12.15,2.26
39,83.37,55.88,83.37,54.74,0.02,2019-11-04,35.96,0.36,34.0,-118.0,0.27,279.0,1014.2,83.87,55.39,83.87,54.25,5.0,10.0,224.0,12.47,2.86
40,82.17,54.74,82.17,54.53,0.02,2019-11-03,30.46,0.27,34.0,-118.0,0.24,266.3,1014.5,82.67,54.25,82.67,54.04,5.0,10.0,210.0,9.97,2.58
41,85.19,54.53,85.19,54.45,0.07,2019-11-02,16.33,0.15,34.0,-118.0,0.21,266.0,1017.1,85.69,54.04,85.69,53.96,5.0,10.0,247.0,10.11,2.86
42,80.85,54.45,80.85,52.68,0.0,2019-11-01,8.99,0.11,34.0,-118.0,0.18,289.1,1018.1,81.35,53.96,81.35,52.19,5.0,10.0,228.0,9.96,2.72
43,77.76,52.68,77.76,48.04,0.04,2019-10-31,-1.76,0.08,34.0,-118.0,0.15,294.2,1019.6,78.26,52.19,78.26,48.13,5.0,10.0,49.0,10.82,2.93
44,74.02,48.04,74.02,52.81,0.02,2019-10-30,15.42,0.28,34.0,-118.0,0.11,288.3,1019.2,74.52,48.13,74.52,52.32,5.0,10.0,107.0,16.62,3.0
45,70.9,52.81,70.9,49.54,0.03,2019-10-29,42.31,0.52,34.0,-118.0,0.07,291.7,1012.7,71.4,52.32,71.4,49.05,5.0,10.0,169.0,12.79,3.08
46,76.11,49.54,76.11,56.69,0.01,2019-10-28,31.51,0.33,34.0,-118.0,0.04,300.8,1014.5,76.61,49.05,76.61,56.2,5.0,10.0,235.0,10.91,2.99
47,67.99,56.69,67.99,56.82,0.33,2019-10-27,51.59,0.68,34.0,-118.0,1.0,293.2,1008.5,68.49,56.2,68.49,56.33,4.0,9.941,166.0,12.46,3.15
48,87.54,56.85,87.54,65.4,0.03,2019-10-26,31.53,0.22,34.0,-118.0,0.96,283.5,1009.4,88.04,56.36,88.04,64.91,5.0,10.0,201.0,11.7,3.13
49,96.48,65.4,96.48,73.41,0.0,2019-10-25,17.31,0.09,34.0,-118.0,0.92,286.3,1015.0,96.98,64.91,96.98,72.92,5.0,10.0,265.0,14.23,3.45
50,95.56,73.41,95.56,67.09,0.01,2019-10-24,22.57,0.13,34.0,-118.0,0.88,292.0,1014.0,96.06,72.92,96.06,66.6,5.0,10.0,187.0,8.89,1.92
51,92.34,67.09,92.34,66.11,0.0,2019-10-23,38.28,0.25,34.0,-118.0,0.85,282.0,1011.9,92.84,66.6,92.84,65.62,6.0,10.0,213.0,10.0,2.79
52,93.93,66.11,93.93,68.26,0.0,2019-10-22,33.73,0.19,34.0,-118.0,0.81,280.3,1016.4,94.43,65.62,94.43,67.77,6.0,10.0,230.0,14.69,3.11
53,92.24,68.26,92.24,64.18,0.0,2019-10-21,34.19,0.21,34.0,-118.0,0.77,281.8,1015.1,92.74,67.77,92.74,63.69,6.0,10.0,259.0,11.08,3.16
54,84.16,64.18,84.16,54.53,0.02,2019-10-20,48.19,0.55,34.0,-118.0,0.74,280.4,1011.8,84.66,63.69,84.66,54.04,6.0,10.0,203.0,8.31,2.26
55,78.59,54.53,78.59,53.53,0.01,2019-10-19,47.4,0.52,34.0,-118.0,0.7,284.4,1012.2,79.09,54.04,79.09,53.04,6.0,10.0,178.0,11.35,3.04
56,78.47,53.53,78.47,56.07,0.04,2019-10-18,51.98,0.67,34.0,-118.0,0.67,278.4,1012.0,78.97,53.04,78.97,55.54,6.0,10.0,211.0,11.61,2.81
57,73.94,56.07,73.94,58.89,0.12,2019-10-17,56.28,0.72,34.0,-118.0,0.64,288.3,1008.8,74.44,55.54,74.44,58.3,6.0,9.839,202.0,13.34,2.59
58,89.66,58.89,89.66,62.65,0.33,2019-10-16,45.48,0.36,34.0,-118.0,0.6,280.4,1011.8,90.16,58.3,90.16,62.16,5.0,10.0,230.0,13.11,2.51
59,85.27,62.65,85.27,53.87,0.02,2019-10-15,52.13,0.63,34.0,-118.0,0.57,294.6,1014.6,85.77,62.16,85.77,53.38,6.0,10.0,255.0,13.86,3.11
60,74.98,53.87,74.98,55.36,0.1,2019-10-14,54.66,0.75,34.0,-118.0,0.54,305.3,1013.2,75.48,53.38,75.48,54.87,6.0,10.0,238.0,11.11,3.63
61,75.51,55.36,75.51,54.84,0.02,2019-10-13,48.16,0.57,34.0,-118.0,0.51,303.4,1011.0,76.01,54.87,76.01,54.35,6.0,10.0,217.0,11.49,3.26
62,82.74,54.84,82.74,58.62,0.01,2019-10-12,24.99,0.2,34.0,-118.0,0.48,301.8,1011.3,83.24,54.35,83.24,58.13,6.0,10.0,230.0,13.37,3.17
63,86.46,58.62,86.46,63.53,0.05,2019-10-11,9.29,0.08,34.0,-118.0,0.45,306.9,1013.4,86.96,58.13,86.96,63.04,6.0,10.0,73.0,16.02,3.64
64,81.16,63.53,81.16,60.53,0.2,2019-10-10,49.26,0.56,34.0,-118.0,0.42,298.1,1012.1,81.66,63.04,81.66,60.04,6.0,10.0,193.0,13.96,1.73
65,73.12,60.22,73.12,56.41,0.18,2019-10-09,56.06,0.78,34.0,-118.0,0.39,290.8,1010.1,73.62,59.73,73.62,55.92,7.0,10.0,197.0,11.53,3.37
66,85.26,56.41,85.26,57.65,0.02,2019-10-08,51.02,0.55,34.0,-118.0,0.36,277.2,1010.8,85.76,55.92,85.76,57.16,7.0,10.0,191.0,9.98,3.3
67,87.32,57.65,87.32,60.94,0.01,2019-10-07,46.8,0.4,34.0,-118.0,0.33,267.4,1013.4,87.82,57.16,87.82,60.45,7.0,10.0,237.0,13.22,2.84
68,89.14,60.94,89.14,57.52,0.01,2019-10-06,46.3,0.44,34.0,-118.0,0.3,270.9,1015.1,89.64,60.45,89.64,57.03,7.0,10.0,235.0,11.59,3.18
69,82.92,57.52,82.92,57.26,0.02,2019-10-05,48.49,0.49,34.0,-118.0,0.27,272.9,1015.7,83.42,57.03,83.42,56.77,7.0,10.0,233.0,10.58,3.05
70,79.42,57.26,79.42,52.48,0.01,2019-10-04,51.23,0.61,34.0,-118.0,0.23,279.8,1015.1,79.92,56.77,79.92,51.99,7.0,10.0,232.0,11.09,3.27
71,79.28,52.48,79.28,55.47,0.01,2019-10-03,50.3,0.57,34.0,-118.0,0.2,269.7,1013.3,79.78,51.99,79.78,54.98,8.0,10.0,225.0,11.83,3.27
72,80.93,55.47,80.93,53.11,0.03,2019-10-02,48.52,0.56,34.0,-118.0,0.17,273.2,1013.0,81.43,54.98,81.43,52.62,8.0,10.0,234.0,13.62,3.01
73,74.55,53.11,74.55,53.42,0.04,2019-10-01,49.77,0.63,34.0,-118.0,0.13,280.6,1011.2,75.05,52.62,75.05,52.93,7.0,10.0,219.0,9.95,3.15
74,70.87,53.42,70.87,55.04,0.03,2019-09-30,48.48,0.63,34.0,-118.0,0.09,280.7,1011.4,71.37,52.93,71.37,54.55,7.0,10.0,219.0,11.29,3.32
75,69.52,55.04,69.52,57.21,0.17,2019-09-29,51.08,0.66,34.0,-118.0,0.05,294.1,1010.7,70.02,54.55,70.02,56.72,7.0,10.0,212.0,13.97,3.13
76,68.74,57.21,68.74,61.78,0.68,2019-09-28,59.62,0.84,34.0,-118.0,0.02,289.5,1008.6,69.25,56.72,69.25,61.29,5.0,10.0,226.0,11.25,1.63
77,74.15,63.04,74.15,64.61,0.56,2019-09-27,60.58,0.79,34.0,-118.0,0.98,281.1,1012.0,74.65,62.29,74.65,64.12,6.0,10.0,254.0,8.51,3.39
78,76.06,65.4,76.06,65.68,0.63,2019-09-26,62.74,0.81,34.0,-118.0,0.94,286.0,1013.7,76.21,64.55,76.21,64.81,5.0,10.0,216.0,11.58,2.42
79,85.91,65.68,85.91,62.15,0.18,2019-09-25,62.3,0.74,34.0,-118.0,0.9,276.9,1009.3,84.49,64.81,84.49,61.28,8.0,10.0,206.0,15.75,4.1
80,88.75,62.15,88.75,60.25,0.02,2019-09-24,59.09,0.67,34.0,-118.0,0.86,277.8,1011.4,89.25,61.28,89.25,59.35,8.0,10.0,229.0,17.77,3.18
81,79.86,60.25,79.86,63.54,0.03,2019-09-23,59.62,0.67,34.0,-118.0,0.82,292.8,1012.7,80.18,59.35,80.18,63.05,8.0,10.0,222.0,12.1,3.92
82,90.33,63.54,90.33,65.87,0.29,2019-09-22,52.43,0.45,34.0,-118.0,0.79,287.0,1011.3,90.83,63.05,90.83,65.38,6.0,10.0,255.0,12.54,2.57
83,87.77,65.87,87.77,58.92,0.0,2019-09-21,57.51,0.63,34.0,-118.0,0.75,292.9,1011.1,88.27,65.38,88.27,58.12,8.0,10.0,241.0,13.25,3.43
84,81.5,58.92,81.5,61.71,0.15,2019-09-20,59.21,0.72,34.0,-118.0,0.72,294.5,1011.3,82.0,58.12,82.0,60.9,8.0,10.0,233.0,13.79,3.26
85,79.66,61.71,79.66,62.15,0.19,2019-09-19,59.76,0.74,34.0,-118.0,0.68,281.4,1011.1,80.15,60.9,80.15,61.49,8.0,10.0,218.0,12.42,3.18
86,83.48,62.15,83.48,63.11,0.04,2019-09-18,58.69,0.69,34.0,-118.0,0.65,280.8,1012.3,83.79,61.49,83.79,62.59,9.0,10.0,232.0,12.8,3.38
87,83.24,63.11,83.24,60.56,0.03,2019-09-17,59.12,0.7,34.0,-118.0,0.62,291.2,1013.4,83.74,62.59,83.74,59.69,8.0,10.0,232.0,13.27,3.49
88,86.08,60.56,86.08,63.64,0.2,2019-09-16,59.36,0.66,34.0,-118.0,0.59,290.7,1012.2,86.58,59.69,86.58,62.9,8.0,10.0,240.0,12.73,2.84
89,88.2,63.64,88.2,65.3,0.42,2019-09-15,57.71,0.55,34.0,-118.0,0.56,287.7,1011.4,88.7,62.9,88.7,64.81,7.0,9.947,227.0,11.36,2.66
90,97.29,65.3,97.29,65.83,0.04,2019-09-14,55.69,0.47,34.0,-118.0,0.53,286.1,1011.9,97.79,64.81,97.79,65.33,9.0,10.0,188.0,12.05,3.2
91,94.39,65.83,94.39,64.47,0.01,2019-09-13,56.07,0.5,34.0,-118.0,0.5,282.0,1012.9,94.89,65.33,94.89,63.68,9.0,10.0,244.0,13.79,3.18
92,89.52,64.47,89.52,61.94,0.0,2019-09-12,60.69,0.65,34.0,-118.0,0.47,281.9,1014.3,89.96,63.68,89.96,60.93,9.0,10.0,245.0,12.92,3.62
93,81.18,61.94,81.18,62.25,0.19,2019-09-11,59.55,0.72,34.0,-118.0,0.44,289.7,1013.8,80.91,60.93,80.91,61.5,9.0,10.0,233.0,12.64,3.44
94,77.94,62.25,77.94,63.75,0.44,2019-09-10,59.57,0.74,34.0,-118.0,0.41,292.3,1011.3,78.44,61.5,78.44,63.09,7.0,10.0,211.0,10.7,3.02
95,78.48,63.75,78.48,63.03,0.07,2019-09-09,60.82,0.73,34.0,-118.0,0.38,290.3,1010.3,78.82,63.09,78.82,62.44,8.0,10.0,223.0,10.76,3.72
96,79.52,63.03,79.52,60.74,0.02,2019-09-08,58.3,0.67,34.0,-118.0,0.35,289.0,1011.4,79.94,62.44,79.94,60.04,9.0,9.949,210.0,13.18,3.66
97,90.61,60.74,90.61,66.63,0.01,2019-09-07,58.88,0.54,34.0,-118.0,0.32,272.5,1013.2,90.06,60.04,90.06,66.14,10.0,10.0,217.0,16.3,3.55
98,92.65,66.63,92.65,66.96,0.01,2019-09-06,61.35,0.56,34.0,-118.0,0.28,271.9,1015.4,93.12,66.14,93.12,66.03,10.0,10.0,239.0,14.34,3.78
99,93.7,66.96,93.7,71.87,0.08,2019-09-05,61.04,0.5,34.0,-118.0,0.25,276.5,1012.9,93.15,66.03,93.15,71.26,9.0,10.0,235.0,15.28,3.27
100,98.48,71.87,98.48,70.66,0.08,2019-09-04,59.17,0.45,34.0,-118.0,0.22,284.7,1010.3,98.21,71.26,98.21,70.17,9.0,10.0,244.0,15.07,3.26
101,94.5,70.66,94.5,70.11,0.06,2019-09-03,60.92,0.51,34.0,-118.0,0.18,284.5,1011.9,94.14,70.17,94.14,69.46,10.0,10.0,242.0,12.27,3.82
102,93.39,70.11,93.39,67.82,0.02,2019-09-02,61.63,0.57,34.0,-118.0,0.15,286.9,1013.0,93.71,69.46,93.71,66.59,9.0,10.0,218.0,15.56,3.08
103,92.56,67.82,92.56,64.58,0.05,2019-09-01,64.49,0.69,34.0,-118.0,0.11,288.7,1011.4,89.46,66.59,89.46,63.63,9.0,10.0,219.0,12.79,3.91
104,93.58,64.58,93.58,64.74,0.01,2019-08-31,62.2,0.62,34.0,-118.0,0.07,290.1,1011.8,91.16,63.63,91.16,63.99,10.0,10.0,214.0,10.85,3.59
105,93.72,64.74,93.72,66.59,0.01,2019-08-30,61.34,0.55,34.0,-118.0,0.03,284.6,1012.9,92.41,63.99,92.41,66.04,10.0,10.0,216.0,12.84,3.49
106,90.35,66.59,90.35,65.3,0.01,2019-08-29,63.32,0.65,34.0,-118.0,0.99,283.5,1013.7,89.18,66.04,89.18,64.12,10.0,10.0,235.0,17.11,3.15
107,84.14,65.3,84.14,64.81,0.09,2019-08-28,64.16,0.76,34.0,-118.0,0.95,286.4,1012.6,82.95,64.12,82.95,63.75,10.0,9.875,233.0,12.61,3.52
108,88.65,64.81,88.65,66.65,0.01,2019-08-27,61.92,0.62,34.0,-118.0,0.91,288.9,1009.8,88.41,63.75,88.41,65.88,10.0,10.0,219.0,15.3,3.76
109,91.52,66.65,91.52,67.94,0.21,2019-08-26,56.29,0.47,34.0,-118.0,0.87,289.5,1010.6,92.02,65.88,92.02,67.45,9.0,10.0,206.0,13.36,3.59
110,91.33,67.94,91.33,65.31,0.04,2019-08-25,59.57,0.58,34.0,-118.0,0.84,289.3,1013.6,91.75,67.45,91.75,64.14,10.0,10.0,233.0,13.57,3.56
111,91.77,65.31,91.77,62.1,0.04,2019-08-24,61.54,0.63,34.0,-118.0,0.8,294.3,1012.7,91.07,64.14,91.07,61.36,10.0,10.0,244.0,11.63,3.54
112,82.95,62.1,82.95,61.8,0.28,2019-08-23,60.4,0.72,34.0,-118.0,0.77,294.6,1010.3,82.63,61.36,82.63,61.05,9.0,9.964,227.0,12.32,2.79
113,82.29,61.73,82.29,62.17,0.08,2019-08-22,59.94,0.67,34.0,-118.0,0.73,297.5,1007.9,81.69,60.98,81.69,61.46,10.0,10.0,228.0,16.54,3.97
114,90.4,62.17,90.4,61.47,0.01,2019-08-21,55.34,0.5,34.0,-118.0,0.7,289.1,1009.6,90.9,61.46,90.9,60.98,10.0,10.0,222.0,14.63,3.69
115,87.57,61.47,87.57,61.53,0.02,2019-08-20,59.11,0.61,34.0,-118.0,0.67,287.1,1012.4,87.83,60.98,87.83,60.69,10.0,10.0,223.0,13.97,3.6
116,84.34,61.53,84.34,61.35,0.16,2019-08-19,60.51,0.72,34.0,-118.0,0.64,296.6,1013.1,84.68,60.69,84.68,60.62,10.0,9.742,236.0,11.39,3.38
117,79.52,61.35,79.52,60.97,0.37,2019-08-18,60.11,0.74,34.0,-118.0,0.61,300.3,1011.9,79.96,60.62,79.96,60.35,9.0,10.0,244.0,12.27,3.12
118,79.89,60.97,79.89,61.01,0.32,2019-08-17,59.23,0.73,34.0,-118.0,0.58,296.6,1011.7,80.39,60.35,80.39,60.34,10.0,9.977,211.0,12.6,3.4
119,82.97,61.01,82.97,58.42,0.14,2019-08-16,59.13,0.72,34.0,-118.0,0.55,290.3,1012.5,83.56,60.34,83.56,57.93,11.0,9.778,212.0,12.03,3.17
120,91.77,58.42,91.77,58.04,0.12,2019-08-15,57.19,0.62,34.0,-118.0,0.52,285.5,1013.3,92.27,57.93,92.27,57.55,11.0,9.965,230.0,15.54,3.37
121,90.51,58.04,90.51,59.75,0.09,2019-08-14,57.56,0.59,34.0,-118.0,0.49,288.5,1014.0,91.01,57.55,91.01,59.14,11.0,9.775,250.0,11.36,3.39
122,87.9,59.75,87.9,60.73,0.07,2019-08-13,59.31,0.66,34.0,-118.0,0.46,295.9,1013.9,88.4,59.14,88.4,59.93,10.0,9.956,240.0,13.84,3.22
123,82.79,60.73,82.79,61.49,0.14,2019-08-12,61.82,0.74,34.0,-118.0,0.43,299.3,1014.0,82.58,59.93,82.58,60.69,10.0,9.795,230.0,14.2,3.15
124,81.69,61.49,81.69,61.47,0.1,2019-08-11,61.24,0.73,34.0,-118.0,0.4,303.4,1013.8,81.04,60.69,81.04,60.56,10.0,10.0,211.0,12.15,3.77
125,81.85,61.47,81.85,60.68,0.06,2019-08-10,59.46,0.68,34.0,-118.0,0.37,299.6,1012.9,82.11,60.56,82.11,59.95,10.0,10.0,228.0,13.21,3.73
126,84.88,60.68,84.88,60.23,0.04,2019-08-09,58.38,0.64,34.0,-118.0,0.33,309.9,1012.5,85.38,59.95,85.38,59.63,10.0,10.0,224.0,13.59,3.55
127,83.91,60.23,83.91,61.57,0.15,2019-08-08,60.36,0.72,34.0,-118.0,0.3,303.2,1012.7,83.94,59.63,83.94,60.72,10.0,10.0,230.0,13.83,3.4
128,83.88,61.57,83.88,63.11,0.13,2019-08-07,62.11,0.75,34.0,-118.0,0.27,299.3,1012.9,83.51,60.72,83.51,62.27,10.0,10.0,230.0,12.76,3.56
129,91.55,63.11,91.55,62.58,0.1,2019-08-06,60.59,0.66,34.0,-118.0,0.23,300.9,1011.9,92.04,62.27,92.04,61.86,10.0,10.0,249.0,16.54,3.89
130,90.35,62.58,90.35,61.91,0.07,2019-08-05,59.03,0.61,34.0,-118.0,0.19,295.8,1012.6,90.85,61.86,90.85,61.01,11.0,10.0,237.0,15.01,3.44
131,90.26,61.91,90.26,61.95,0.17,2019-08-04,61.13,0.64,34.0,-118.0,0.16,300.0,1012.8,90.45,61.01,90.45,61.09,9.0,10.0,236.0,15.08,3.57
132,89.84,61.95,89.84,63.38,0.27,2019-08-03,58.93,0.55,34.0,-118.0,0.12,309.4,1012.5,89.97,61.09,89.97,62.75,9.0,10.0,224.0,10.25,4.07
133,90.03,63.38,90.03,62.33,0.08,2019-08-02,58.68,0.58,34.0,-118.0,0.08,307.1,1013.5,90.53,62.75,90.53,61.74,10.0,10.0,229.0,13.85,3.8
134,88.33,62.33,88.33,60.09,0.03,2019-08-01,60.1,0.65,34.0,-118.0,0.04,300.7,1014.5,88.5,61.74,88.5,59.4,11.0,10.0,234.0,14.54,3.27
135,85.31,60.09,85.31,63.42,0.14,2019-07-31,63.53,0.76,34.0,-118.0,0.0,299.6,1013.8,84.35,59.4,84.35,62.44,11.0,9.871,236.0,12.6,3.74
136,84.22,63.42,84.22,65.15,0.14,2019-07-30,62.99,0.74,34.0,-118.0,0.96,295.3,1012.0,83.42,62.44,83.42,64.07,11.0,9.655,218.0,14.43,3.98
137,84.49,65.15,84.49,64.65,0.19,2019-07-29,62.33,0.72,34.0,-118.0,0.92,295.4,1011.9,84.98,64.07,84.98,63.63,10.0,9.542,223.0,12.19,3.22
138,87.75,64.65,87.75,64.69,0.1,2019-07-28,62.14,0.64,34.0,-118.0,0.89,294.5,1013.3,86.58,63.63,86.58,64.2,10.0,10.0,216.0,14.75,4.08
139,93.98,64.69,93.98,65.89,0.01,2019-07-27,58.32,0.5,34.0,-118.0,0.85,296.0,1014.0,93.21,64.2,93.21,65.4,11.0,10.0,231.0,12.39,3.52
140,91.72,65.89,91.72,66.79,0.01,2019-07-26,58.64,0.5,34.0,-118.0,0.82,298.8,1014.4,92.22,65.4,92.22,66.07,11.0,10.0,224.0,15.27,3.86
141,92.88,66.79,92.88,73.85,0.32,2019-07-25,59.84,0.49,34.0,-118.0,0.78,300.2,1013.0,93.31,66.07,93.31,73.36,9.0,10.0,244.0,12.56,3.56
142,97.0,74.14,97.0,70.14,0.11,2019-07-24,57.99,0.44,34.0,-118.0,0.75,304.9,1013.2,97.5,73.66,97.5,69.65,10.0,10.0,233.0,14.55,4.09
143,95.76,70.14,95.76,69.98,0.37,2019-07-23,60.74,0.53,34.0,-118.0,0.72,304.9,1013.9,96.26,69.65,96.26,69.02,10.0,10.0,246.0,17.26,3.54
144,87.35,69.98,87.35,60.33,0.14,2019-07-22,61.69,0.69,34.0,-118.0,0.69,300.5,1013.6,87.37,69.02,87.37,59.69,10.0,10.0,226.0,13.24,3.14
145,86.19,60.33,86.19,60.58,0.01,2019-07-21,59.66,0.68,34.0,-118.0,0.66,299.0,1012.2,86.69,59.69,86.69,59.91,11.0,10.0,242.0,16.62,4.0
146,80.44,60.58,80.44,60.35,0.22,2019-07-20,58.8,0.7,34.0,-118.0,0.63,299.8,1012.6,80.82,59.91,80.82,59.69,11.0,9.883,247.0,15.49,3.46
147,78.33,60.35,78.33,60.12,0.21,2019-07-19,58.78,0.72,34.0,-118.0,0.6,304.2,1012.7,78.83,59.69,78.83,59.47,11.0,10.0,240.0,12.74,3.62
148,82.89,60.12,82.89,61.91,0.14,2019-07-18,60.67,0.72,34.0,-118.0,0.57,300.1,1013.6,83.21,59.47,83.21,61.26,11.0,9.884,247.0,13.11,3.47
149,78.1,61.91,78.1,63.44,0.1,2019-07-17,61.63,0.76,34.0,-118.0,0.54,305.2,1012.6,78.39,61.26,78.39,62.55,11.0,9.995,217.0,14.73,3.52
150,85.19,63.51,85.19,63.53,0.04,2019-07-16,61.66,0.66,34.0,-118.0,0.51,295.5,1009.9,85.4,62.55,85.4,62.73,11.0,9.916,232.0,14.32,3.42
151,88.26,63.53,88.26,59.88,0.07,2019-07-15,61.91,0.7,34.0,-118.0,0.48,290.1,1012.0,88.25,62.73,88.25,59.16,11.0,10.0,223.0,12.48,3.53
152,89.07,59.88,89.07,62.92,0.11,2019-07-14,62.4,0.71,34.0,-118.0,0.44,291.5,1013.5,88.34,59.16,88.34,62.03,12.0,9.907,240.0,14.81,3.3
153,86.31,62.92,86.31,61.66,0.05,2019-07-13,61.89,0.7,34.0,-118.0,0.41,295.0,1010.4,85.16,62.03,85.16,60.93,11.0,10.0,228.0,13.82,3.96
154,88.21,61.66,88.21,59.34,0.06,2019-07-12,60.39,0.66,34.0,-118.0,0.38,296.5,1010.4,88.29,60.93,88.29,58.75,11.0,10.0,228.0,13.95,3.8
155,86.35,59.34,86.35,63.2,0.01,2019-07-11,59.05,0.61,34.0,-118.0,0.35,304.4,1014.3,85.99,58.75,85.99,62.65,11.0,10.0,226.0,14.38,3.74
156,83.32,63.2,83.32,60.64,0.08,2019-07-10,58.37,0.65,34.0,-118.0,0.31,312.9,1016.2,83.83,62.65,83.83,60.11,11.0,10.0,245.0,14.85,3.81
157,82.36,60.64,82.36,62.61,0.28,2019-07-09,58.02,0.68,34.0,-118.0,0.28,310.2,1015.6,82.84,60.11,82.84,62.12,10.0,9.969,238.0,13.85,3.54
158,75.62,62.61,75.62,60.58,0.44,2019-07-08,56.94,0.74,34.0,-118.0,0.24,317.9,1014.9,76.12,62.12,76.12,60.09,9.0,10.0,231.0,10.96,2.95
159,75.81,60.58,75.81,61.63,0.49,2019-07-07,58.69,0.77,34.0,-118.0,0.2,322.4,1014.3,76.31,60.09,76.31,61.14,9.0,10.0,224.0,14.17,3.49
160,79.43,61.79,79.43,60.26,0.27,2019-07-06,59.86,0.77,34.0,-118.0,0.17,316.1,1015.1,79.88,61.16,79.88,59.62,10.0,10.0,229.0,12.38,3.93
161,78.87,60.26,78.87,60.47,0.18,2019-07-05,58.76,0.72,34.0,-118.0,0.13,331.6,1015.0,79.37,59.62,79.37,59.98,10.0,9.796,231.0,13.82,3.61
162,79.34,60.47,79.34,61.22,0.27,2019-07-04,57.83,0.7,34.0,-118.0,0.09,319.8,1012.6,79.84,59.98,79.84,60.73,10.0,9.982,237.0,13.16,4.09
163,79.57,61.22,79.57,61.14,0.22,2019-07-03,58.35,0.72,34.0,-118.0,0.05,311.8,1011.3,80.07,60.73,80.07,60.51,9.0,10.0,223.0,13.43,3.33
164,82.06,61.14,82.06,59.67,0.06,2019-07-02,56.93,0.64,34.0,-118.0,0.01,307.5,1012.3,82.56,60.51,82.56,59.18,11.0,10.0,223.0,13.37,3.94
165,87.09,59.67,87.09,62.83,0.01,2019-07-01,54.72,0.52,34.0,-118.0,0.98,311.5,1013.6,87.59,59.18,87.59,62.34,11.0,10.0,236.0,12.68,4.09
166,86.64,62.83,86.64,64.46,0.16,2019-06-30,54.28,0.51,34.0,-118.0,0.94,302.0,1014.8,87.14,62.34,87.14,63.97,11.0,10.0,235.0,14.1,3.6
167,84.87,64.46,84.87,61.32,0.27,2019-06-29,54.15,0.56,34.0,-118.0,0.9,304.6,1014.9,85.37,63.97,85.37,60.83,10.0,10.0,230.0,13.26,3.2
168,79.82,61.32,79.82,60.56,0.29,2019-06-28,58.18,0.7,34.0,-118.0,0.87,310.0,1015.2,80.32,60.83,80.32,59.84,10.0,9.659,235.0,12.98,3.77
169,76.72,60.56,76.72,58.83,0.26,2019-06-27,57.68,0.74,34.0,-118.0,0.84,316.3,1015.2,77.22,59.84,77.22,58.34,10.0,9.932,239.0,15.13,3.35
170,75.71,58.83,75.71,60.18,0.41,2019-06-26,57.22,0.75,34.0,-118.0,0.8,326.9,1013.8,76.21,58.34,76.21,59.69,9.0,9.969,234.0,13.87,4.02
171,70.63,60.18,70.63,59.92,0.68,2019-06-25,57.78,0.81,34.0,-118.0,0.77,318.2,1011.9,71.13,59.69,71.13,59.41,5.0,9.83,207.0,13.45,3.45
172,76.91,59.92,76.91,60.24,0.4,2019-06-24,58.91,0.8,34.0,-118.0,0.74,321.1,1012.3,77.41,59.41,77.41,59.5,10.0,9.795,224.0,13.94,4.09
173,79.68,60.24,79.68,57.54,0.2,2019-06-23,58.2,0.76,34.0,-118.0,0.71,327.1,1014.3,80.09,59.5,80.09,57.01,10.0,10.0,238.0,15.0,4.42
174,74.65,57.54,74.65,59.46,0.4,2019-06-22,57.43,0.77,34.0,-118.0,0.68,335.4,1013.3,75.15,57.01,75.15,58.97,9.0,10.0,234.0,13.41,4.23
175,68.4,59.89,68.4,58.51,0.74,2019-06-21,56.66,0.79,34.0,-118.0,0.65,321.4,1012.0,68.9,59.31,68.9,57.91,6.0,10.0,200.0,11.09,3.77
176,69.91,58.51,69.91,61.54,0.52,2019-06-20,57.66,0.78,34.0,-118.0,0.62,320.0,1013.1,70.41,57.91,70.41,61.05,8.0,9.975,207.0,14.43,3.15
177,79.68,61.54,79.68,59.22,0.28,2019-06-19,57.94,0.73,34.0,-118.0,0.59,323.3,1014.0,80.18,61.05,80.18,58.73,10.0,9.644,232.0,14.38,3.89
178,72.63,59.16,72.63,60.17,0.41,2019-06-18,57.59,0.8,34.0,-118.0,0.56,352.3,1013.4,73.13,58.67,73.13,59.68,8.0,9.92,222.0,14.15,3.99
179,69.29,60.29,69.29,59.63,0.54,2019-06-17,57.76,0.81,34.0,-118.0,0.53,348.9,1011.4,69.79,59.8,69.79,59.09,7.0,9.994,223.0,13.21,3.45
180,73.42,59.63,73.42,60.54,0.57,2019-06-16,58.17,0.79,34.0,-118.0,0.49,336.5,1011.2,73.92,59.09,73.92,60.01,7.0,9.734,225.0,15.21,3.76
181,75.82,60.54,75.82,59.45,0.39,2019-06-15,57.09,0.75,34.0,-118.0,0.46,321.5,1012.6,76.32,60.01,76.32,58.96,10.0,10.0,226.0,13.25,3.57
182,72.12,59.45,72.12,59.27,0.38,2019-06-14,55.99,0.76,34.0,-118.0,0.43,329.9,1013.0,72.62,58.96,72.62,58.78,9.0,9.44,207.0,13.15,3.95
183,74.46,59.27,74.46,59.45,0.31,2019-06-13,58.37,0.78,34.0,-118.0,0.39,323.2,1012.9,74.96,58.78,74.96,58.96,8.0,9.05,218.0,14.34,3.8
184,84.95,60.99,84.95,62.23,0.14,2019-06-12,60.69,0.67,34.0,-118.0,0.36,306.5,1013.6,84.59,60.36,84.59,61.74,11.0,9.995,222.0,14.68,3.63
185,93.34,62.23,93.34,64.06,0.32,2019-06-11,61.01,0.6,34.0,-118.0,0.32,299.6,1015.0,91.69,61.74,91.69,63.43,10.0,10.0,244.0,13.85,3.61
186,99.22,64.06,99.22,60.48,0.25,2019-06-10,57.19,0.53,34.0,-118.0,0.28,308.0,1015.0,99.72,63.43,99.72,59.85,9.0,10.0,247.0,13.69,2.73
187,87.84,60.48,87.84,56.87,0.08,2019-06-09,58.34,0.68,34.0,-118.0,0.25,316.4,1014.4,88.34,59.85,88.34,56.38,10.0,9.587,241.0,14.6,3.93
188,78.43,56.89,78.43,60.49,0.21,2019-06-08,57.73,0.73,34.0,-118.0,0.21,305.7,1012.4,78.93,56.4,78.93,60.0,11.0,9.576,217.0,14.31,3.14
189,72.82,60.49,72.82,59.93,0.36,2019-06-07,57.99,0.8,34.0,-118.0,0.17,317.5,1012.0,73.32,60.0,73.32,59.4,9.0,9.588,232.0,13.24,3.53
190,78.25,59.93,78.25,60.48,0.36,2019-06-06,59.44,0.79,34.0,-118.0,0.14,316.4,1012.9,78.6,59.4,78.6,59.91,10.0,9.304,238.0,16.34,3.5
191,76.47,60.39,76.47,58.58,0.24,2019-06-05,58.43,0.79,34.0,-118.0,0.1,316.3,1012.8,76.96,59.86,76.96,58.09,10.0,9.337,232.0,14.01,3.23
192,72.69,58.58,72.69,56.99,0.33,2019-06-04,56.39,0.79,34.0,-118.0,0.06,329.1,1012.6,73.19,58.09,73.19,56.5,9.0,8.67,212.0,12.62,3.34
193,72.09,56.87,72.09,57.1,0.38,2019-06-03,54.2,0.75,34.0,-118.0,0.03,359.4,1012.2,72.59,56.38,72.59,56.61,8.0,9.991,232.0,14.49,3.75
194,67.91,57.26,67.91,56.91,0.52,2019-06-02,54.14,0.79,34.0,-118.0,0.99,384.0,1011.9,68.41,56.77,68.41,56.42,6.0,10.0,230.0,10.4,3.82
195,64.99,56.91,64.99,58.2,0.51,2019-06-01,54.21,0.79,34.0,-118.0,0.96,386.2,1011.2,65.49,56.42,65.49,57.71,6.0,10.0,217.0,9.56,3.79
196,73.81,58.44,73.81,56.24,0.32,2019-05-31,55.09,0.77,34.0,-118.0,0.92,366.4,1011.9,74.31,57.95,74.31,55.75,8.0,9.672,217.0,17.59,3.89
197,77.95,56.24,77.95,55.32,0.13,2019-05-30,54.67,0.72,34.0,-118.0,0.89,359.4,1012.0,78.45,55.75,78.45,54.83,9.0,9.943,225.0,15.78,4.07
198,74.49,55.32,74.49,53.2,0.01,2019-05-29,52.16,0.64,34.0,-118.0,0.86,367.2,1011.3,74.99,54.83,74.99,52.71,9.0,10.0,219.0,13.15,4.11
199,71.78,53.2,71.78,51.44,0.02,2019-05-28,47.94,0.63,34.0,-118.0,0.83,382.9,1013.0,72.28,52.71,72.28,50.95,8.0,10.0,205.0,13.78,3.85
200,65.43,51.44,65.43,47.98,0.17,2019-05-27,45.65,0.68,34.0,-118.0,0.79,381.3,1015.8,65.93,50.95,65.93,47.49,8.0,9.995,221.0,12.3,3.29
201,59.81,47.98,59.81,50.85,0.77,2019-05-26,49.95,0.81,34.0,-118.0,0.76,366.2,1013.4,60.31,47.49,60.31,50.36,5.0,9.827,208.0,12.57,2.77
202,71.31,54.63,71.31,48.79,0.16,2019-05-25,50.72,0.72,34.0,-118.0,0.73,366.1,1012.3,71.81,54.14,71.81,48.99,8.0,9.999,225.0,16.04,4.0
203,74.67,48.79,74.67,48.77,0.04,2019-05-24,48.96,0.66,34.0,-118.0,0.7,374.9,1014.5,75.17,48.99,75.17,48.28,8.0,10.0,249.0,17.25,4.32
204,63.11,48.77,63.11,50.0,0.56,2019-05-23,49.69,0.78,34.0,-118.0,0.67,387.6,1013.7,63.61,48.28,63.61,49.51,5.0,10.0,99.0,6.39,1.81
205,64.92,50.01,64.92,51.67,0.36,2019-05-22,47.53,0.72,34.0,-118.0,0.64,409.9,1007.6,65.42,49.52,65.42,51.18,6.0,10.0,199.0,11.73,2.59
206,65.13,51.67,65.13,53.25,0.58,2019-05-21,49.49,0.74,34.0,-118.0,0.61,333.7,1011.4,65.63,51.18,65.63,52.76,7.0,10.0,196.0,19.68,3.69
207,69.43,53.25,69.43,51.08,0.16,2019-05-20,46.83,0.66,34.0,-118.0,0.58,385.3,1012.7,69.93,52.76,69.93,50.59,9.0,9.801,231.0,12.26,3.74
208,65.38,51.08,65.38,49.0,0.67,2019-05-19,48.86,0.78,34.0,-118.0,0.54,392.4,1012.4,65.88,50.59,65.88,48.51,4.0,9.278,243.0,20.56,3.69
209,71.58,49.0,71.58,51.3,0.24,2019-05-18,48.75,0.67,34.0,-118.0,0.51,312.4,1014.1,72.08,48.51,72.08,50.81,9.0,10.0,223.0,14.57,3.02
210,71.75,51.3,71.75,51.96,0.06,2019-05-17,46.14,0.61,34.0,-118.0,0.47,343.1,1015.3,72.25,50.81,72.25,51.47,9.0,10.0,215.0,19.01,3.92
211,67.0,51.96,67.0,54.46,0.56,2019-05-16,51.61,0.76,34.0,-118.0,0.44,354.7,1012.8,67.5,51.47,67.5,53.97,6.0,8.672,238.0,23.24,3.73
212,65.36,54.46,65.36,57.46,0.79,2019-05-15,54.79,0.81,34.0,-118.0,0.4,311.6,1013.6,65.86,53.97,65.86,56.97,5.0,10.0,225.0,11.26,2.28
213,77.15,57.86,77.15,59.29,0.36,2019-05-14,57.0,0.77,34.0,-118.0,0.37,317.1,1015.3,77.65,57.37,77.65,58.8,9.0,9.893,232.0,14.21,2.94
214,72.93,59.6,72.93,58.86,0.51,2019-05-13,56.96,0.8,34.0,-118.0,0.33,331.5,1015.3,73.43,59.11,73.43,58.37,7.0,9.487,227.0,9.71,3.13
215,75.28,58.86,75.28,55.31,0.1,2019-05-12,56.03,0.76,34.0,-118.0,0.29,354.4,1013.9,75.78,58.37,75.78,54.82,9.0,10.0,207.0,13.46,4.09
216,74.76,55.31,74.76,55.28,0.25,2019-05-11,53.65,0.7,34.0,-118.0,0.25,365.2,1012.8,75.26,54.82,75.26,54.79,8.0,10.0,243.0,14.39,3.75
217,66.44,55.28,66.44,55.89,0.59,2019-05-10,53.0,0.78,34.0,-118.0,0.22,374.4,1010.5,66.94,54.79,66.94,55.4,6.0,9.973,217.0,10.26,1.98
218,62.57,55.89,62.57,56.09,0.73,2019-05-09,52.34,0.79,34.0,-118.0,0.18,357.2,1010.2,63.07,55.4,63.07,55.6,5.0,10.0,231.0,10.36,1.46
219,62.89,56.09,62.89,55.55,0.68,2019-05-08,51.08,0.75,34.0,-118.0,0.15,355.6,1015.0,63.39,55.6,63.39,55.06,5.0,9.936,226.0,10.29,2.86
220,64.34,55.55,64.34,55.07,0.51,2019-05-07,50.32,0.73,34.0,-118.0,0.11,371.9,1017.0,64.84,55.06,64.84,54.58,5.0,9.814,220.0,8.94,3.18
221,68.39,55.07,68.39,54.89,0.36,2019-05-06,50.16,0.72,34.0,-118.0,0.08,382.5,1013.0,68.89,54.58,68.89,54.4,6.0,10.0,239.0,12.7,3.17
222,70.91,54.89,70.91,56.22,0.38,2019-05-05,50.98,0.71,34.0,-118.0,0.04,331.0,1011.4,71.41,54.4,71.41,55.73,9.0,10.0,226.0,13.48,3.64
223,74.93,56.22,74.93,54.48,0.23,2019-05-04,53.43,0.74,34.0,-118.0,0.01,323.9,1012.1,75.43,55.73,75.43,53.99,9.0,9.978,229.0,12.87,3.04
224,75.36,54.48,75.36,52.89,0.12,2019-05-03,53.15,0.72,34.0,-118.0,0.97,331.7,1013.8,75.86,53.99,75.86,52.4,9.0,9.958,232.0,13.75,3.65
225,73.24,52.89,73.24,52.68,0.32,2019-05-02,51.46,0.71,34.0,-118.0,0.94,342.9,1015.0,73.74,52.4,73.74,52.19,6.0,10.0,232.0,12.15,3.24
226,70.49,52.68,70.49,52.8,0.14,2019-05-01,47.85,0.66,34.0,-118.0,0.91,352.5,1015.5,70.99,52.19,70.99,52.31,8.0,10.0,241.0,16.45,3.88
227,64.37,52.8,64.37,53.88,0.5,2019-04-30,50.52,0.76,34.0,-118.0,0.88,347.8,1014.4,64.87,52.31,64.87,53.39,6.0,9.945,252.0,12.27,2.95
228,64.8,53.88,64.8,53.32,0.55,2019-04-29,52.52,0.82,34.0,-118.0,0.85,357.2,1010.5,65.3,53.39,65.3,52.83,7.0,9.697,223.0,10.62,2.01
229,68.95,53.32,68.95,56.85,0.5,2019-04-28,53.92,0.79,34.0,-118.0,0.82,310.5,1011.1,69.45,52.83,69.45,56.36,9.0,10.0,244.0,13.55,2.71
230,69.11,56.52,69.11,56.1,0.46,2019-04-27,53.06,0.79,34.0,-118.0,0.79,304.0,1014.3,69.61,56.03,69.61,55.61,8.0,9.181,231.0,13.9,2.8
231,72.2,56.1,72.2,54.84,0.26,2019-04-26,54.17,0.77,34.0,-118.0,0.76,301.7,1015.0,72.7,55.61,72.7,54.35,10.0,9.306,229.0,12.82,3.29
232,77.17,54.84,77.17,55.21,0.2,2019-04-25,54.82,0.72,34.0,-118.0,0.73,309.4,1014.5,77.67,54.35,77.67,54.72,10.0,9.766,215.0,11.68,3.28
233,79.68,55.21,79.68,54.83,0.06,2019-04-24,54.28,0.68,34.0,-118.0,0.7,312.0,1014.6,80.18,54.72,80.18,54.34,10.0,9.903,206.0,13.36,3.45
234,77.23,54.83,77.23,52.59,0.02,2019-04-23,54.52,0.7,34.0,-118.0,0.66,332.2,1014.2,77.73,54.34,77.73,52.1,9.0,9.977,209.0,15.37,3.99
235,74.43,52.59,74.43,51.19,0.06,2019-04-22,50.0,0.68,34.0,-118.0,0.63,357.8,1015.0,74.93,52.1,74.93,50.7,8.0,9.987,214.0,13.47,4.23
236,67.47,51.19,67.47,53.1,0.3,2019-04-21,48.27,0.69,34.0,-118.0,0.6,339.6,1015.5,67.97,50.7,67.97,52.61,8.0,9.972,222.0,16.51,3.63
237,65.04,53.1,65.04,54.58,0.53,2019-04-20,49.75,0.74,34.0,-118.0,0.56,324.1,1014.3,65.54,52.61,65.54,54.09,6.0,9.984,228.0,12.32,3.17
238,75.21,54.58,75.21,55.5,0.18,2019-04-19,53.27,0.7,34.0,-118.0,0.53,298.5,1013.9,75.71,54.09,75.71,55.01,9.0,9.89,244.0,16.99,3.31
239,85.34,55.5,85.34,57.49,0.21,2019-04-18,48.11,0.49,34.0,-118.0,0.49,303.5,1017.9,85.84,55.01,85.84,57.0,8.0,10.0,244.0,14.39,3.61
240,75.64,57.49,75.64,51.55,0.03,2019-04-17,49.07,0.66,34.0,-118.0,0.45,322.0,1019.5,76.14,57.0,76.14,51.06,9.0,10.0,222.0,14.76,3.63
241,64.2,51.55,64.2,54.19,0.62,2019-04-16,48.81,0.71,34.0,-118.0,0.41,357.4,1014.8,64.7,51.06,64.7,53.7,5.0,10.0,212.0,14.41,4.39
242,69.93,54.19,69.93,51.06,0.35,2019-04-15,46.7,0.64,34.0,-118.0,0.38,344.7,1011.5,70.43,53.7,70.43,50.57,7.0,9.287,207.0,14.28,3.86
243,76.61,51.06,76.61,55.18,0.28,2019-04-14,44.04,0.5,34.0,-118.0,0.34,327.0,1013.7,77.11,50.57,77.11,54.69,8.0,9.897,241.0,16.46,4.29
244,79.38,55.18,79.38,54.84,0.06,2019-04-13,41.71,0.44,34.0,-118.0,0.3,330.9,1014.4,79.88,54.69,79.88,54.35,9.0,10.0,247.0,18.38,3.91
245,73.52,54.84,73.52,51.32,0.09,2019-04-12,46.04,0.58,34.0,-118.0,0.26,368.2,1009.1,74.02,54.35,74.02,50.83,8.0,10.0,201.0,19.42,4.6
246,73.95,51.32,73.95,55.63,0.22,2019-04-11,38.68,0.4,34.0,-118.0,0.23,396.2,1014.6,74.45,50.83,74.45,55.14,6.0,10.0,194.0,13.88,3.77
247,76.74,55.63,76.74,56.9,0.0,2019-04-10,23.77,0.22,34.0,-118.0,0.19,364.8,1017.6,77.24,55.14,77.24,56.41,8.0,10.0,273.0,20.91,6.48
248,73.59,56.9,73.59,61.41,0.1,2019-04-09,47.53,0.54,34.0,-118.0,0.16,307.6,1014.7,74.09,56.41,74.09,60.92,9.0,9.981,230.0,23.73,5.83
249,86.85,61.41,86.85,65.93,0.33,2019-04-08,49.75,0.44,34.0,-118.0,0.12,285.4,1017.3,87.35,60.92,87.35,65.44,8.0,10.0,231.0,14.22,3.29
250,81.08,65.93,81.08,55.02,0.21,2019-04-07,52.28,0.63,34.0,-118.0,0.09,291.8,1019.8,81.58,65.44,81.58,54.53,8.0,10.0,226.0,12.09,2.94
251,69.41,55.02,69.41,53.73,0.34,2019-04-06,51.02,0.72,34.0,-118.0,0.06,321.6,1018.4,69.91,54.53,69.91,53.24,8.0,9.798,210.0,13.49,3.83
252,64.95,53.73,64.95,53.42,0.37,2019-04-05,47.33,0.68,34.0,-118.0,0.03,341.4,1016.4,65.45,53.24,65.45,52.93,7.0,10.0,245.0,15.43,4.24
253,65.22,53.42,65.22,53.53,0.59,2019-04-04,48.39,0.71,34.0,-118.0,0.99,312.0,1017.8,65.72,52.93,65.72,53.04,7.0,9.994,217.0,16.34,3.5
254,65.74,53.53,65.74,54.04,0.56,2019-04-03,50.17,0.73,34.0,-118.0,0.96,296.0,1016.9,66.24,53.04,66.24,53.55,6.0,10.0,215.0,11.79,3.64
255,69.28,54.04,69.28,56.62,0.14,2019-04-02,49.09,0.63,34.0,-118.0,0.93,327.5,1013.5,69.78,53.55,69.78,56.13,8.0,10.0,191.0,15.31,4.96
256,82.71,56.73,82.71,61.62,0.5,2019-04-01,30.05,0.24,34.0,-118.0,0.9,307.0,1013.9,83.21,56.24,83.21,61.13,7.0,10.0,180.0,10.41,4.31
257,83.58,61.62,83.58,54.01,0.12,2019-03-31,27.35,0.25,34.0,-118.0,0.87,293.8,1016.5,84.08,61.13,84.08,53.52,8.0,10.0,19.0,10.65,3.99
258,79.26,54.01,79.26,52.09,0.06,2019-03-30,35.04,0.39,34.0,-118.0,0.84,307.6,1017.8,79.76,53.52,79.76,51.6,8.0,10.0,265.0,10.62,3.63
259,70.35,52.09,70.35,49.73,0.16,2019-03-29,44.23,0.6,34.0,-118.0,0.81,289.6,1021.2,70.85,51.6,70.85,49.24,8.0,10.0,197.0,14.04,3.97
260,66.6,49.73,66.6,52.83,0.23,2019-03-28,48.29,0.7,34.0,-118.0,0.78,288.2,1021.9,67.1,49.24,67.1,52.34,8.0,9.72,241.0,15.37,4.9
261,68.24,52.83,68.24,52.23,0.4,2019-03-27,51.44,0.77,34.0,-118.0,0.75,288.2,1017.8,68.74,52.34,68.74,51.74,8.0,10.0,240.0,15.07,4.45
262,72.99,52.23,72.99,51.42,0.26,2019-03-26,44.94,0.58,34.0,-118.0,0.72,308.6,1016.3,73.49,51.74,73.49,50.93,6.0,10.0,242.0,11.49,3.34
263,75.11,51.42,75.11,51.85,0.05,2019-03-25,46.23,0.59,34.0,-118.0,0.69,297.0,1019.4,75.61,50.93,75.61,51.36,8.0,10.0,252.0,15.07,3.78
264,70.07,51.85,70.07,48.59,0.11,2019-03-24,49.73,0.73,34.0,-118.0,0.65,298.8,1021.2,70.57,51.36,70.57,48.1,8.0,9.896,223.0,10.7,3.6
265,63.59,48.59,63.59,50.51,0.45,2019-03-23,48.01,0.75,34.0,-118.0,0.62,291.3,1020.8,64.09,48.1,64.09,50.02,7.0,9.994,216.0,12.63,3.79
266,63.69,50.51,63.69,46.5,0.2,2019-03-22,46.47,0.75,34.0,-118.0,0.58,299.3,1021.2,64.19,50.02,64.19,46.01,8.0,9.977,219.0,12.61,3.72
267,57.88,46.5,57.88,48.96,0.35,2019-03-21,46.83,0.8,34.0,-118.0,0.54,351.5,1020.0,58.38,46.01,58.38,48.47,5.0,9.428,196.0,11.02,3.39
268,60.24,48.96,60.24,51.55,0.37,2019-03-20,49.2,0.76,34.0,-118.0,0.5,352.4,1017.3,60.74,48.47,60.74,51.06,5.0,9.976,189.0,14.23,3.79
269,65.42,54.22,65.42,55.25,0.35,2019-03-19,49.76,0.7,34.0,-118.0,0.47,295.2,1014.6,65.92,53.73,65.92,54.76,6.0,9.941,188.0,15.21,3.99
270,79.15,55.25,79.15,57.58,0.02,2019-03-18,44.68,0.47,34.0,-118.0,0.43,272.2,1015.1,79.65,54.76,79.65,57.09,9.0,10.0,190.0,12.3,3.69
271,83.57,57.58,83.57,55.71,0.01,2019-03-17,31.24,0.26,34.0,-118.0,0.39,303.1,1015.7,84.07,57.09,84.07,55.22,8.0,10.0,93.0,12.69,4.44
272,79.43,55.71,79.43,54.25,0.0,2019-03-16,18.44,0.16,34.0,-118.0,0.35,331.1,1016.8,79.93,55.22,79.93,53.76,7.0,10.0,71.0,14.31,3.73
273,74.17,54.25,74.17,51.46,0.02,2019-03-15,13.49,0.16,34.0,-118.0,0.31,346.3,1019.6,74.67,53.76,74.67,50.97,6.0,10.0,48.0,15.09,3.69
274,68.94,51.46,68.94,51.03,0.0,2019-03-14,19.92,0.26,34.0,-118.0,0.28,307.4,1021.6,69.44,50.97,69.44,50.54,7.0,10.0,73.0,13.86,4.31
275,65.21,51.03,65.21,46.23,0.09,2019-03-13,41.79,0.62,34.0,-118.0,0.24,281.2,1015.4,65.71,50.54,65.71,47.03,8.0,10.0,187.0,15.25,4.79
276,65.95,46.23,65.95,50.05,0.38,2019-03-12,47.33,0.72,34.0,-118.0,0.21,322.1,1008.5,66.45,47.03,66.45,49.56,7.0,9.983,176.0,17.31,5.31
277,63.38,50.05,63.38,46.15,0.72,2019-03-11,40.81,0.63,34.0,-118.0,0.17,372.9,1012.3,63.88,49.56,63.88,45.66,4.0,10.0,78.0,15.73,2.73
278,57.67,46.15,57.67,42.36,0.29,2019-03-10,40.27,0.68,34.0,-118.0,0.14,365.2,1014.5,58.17,45.66,58.17,41.96,4.0,10.0,230.0,11.69,3.84
279,57.14,42.36,57.14,44.34,0.19,2019-03-09,41.55,0.7,34.0,-118.0,0.11,303.0,1016.4,57.64,41.96,57.64,46.32,6.0,9.414,167.0,14.38,4.91
280,56.44,44.34,56.44,45.71,0.15,2019-03-08,41.94,0.72,34.0,-118.0,0.08,347.8,1016.7,56.94,46.32,56.94,45.22,5.0,9.92,237.0,19.66,5.55
281,59.74,45.71,59.74,50.34,0.34,2019-03-07,48.88,0.83,34.0,-118.0,0.05,320.3,1016.8,60.24,45.22,60.24,49.85,5.0,9.104,236.0,14.01,4.25
282,57.25,50.94,61.04,51.72,0.82,2019-03-06,52.27,0.89,34.0,-118.0,0.02,296.9,1014.6,57.75,50.45,61.54,51.23,4.0,6.276,106.0,18.53,4.76
283,68.17,51.91,68.17,48.13,0.4,2019-03-05,47.7,0.71,34.0,-118.0,0.99,262.2,1015.6,68.67,51.42,68.67,47.64,7.0,10.0,60.0,18.46,3.63
284,61.5,48.13,61.5,50.11,0.46,2019-03-04,48.56,0.8,34.0,-118.0,0.96,249.5,1018.1,62.0,47.64,62.0,49.62,6.0,8.934,229.0,9.76,3.85
285,60.87,50.11,60.87,51.74,0.72,2019-03-03,52.98,0.91,34.0,-118.0,0.93,243.7,1018.5,61.37,49.62,61.37,51.25,5.0,8.094,234.0,11.6,4.68
286,59.54,51.74,59.54,50.94,0.88,2019-03-02,55.19,0.97,34.0,-118.0,0.9,238.0,1016.7,59.73,51.25,59.73,50.45,5.0,5.778,162.0,18.84,5.08
287,65.63,50.94,65.63,55.19,0.78,2019-03-01,53.15,0.82,34.0,-118.0,0.87,220.6,1018.3,66.13,50.45,66.13,54.7,6.0,9.275,224.0,9.3,3.16
288,65.36,55.19,65.36,53.83,0.65,2019-02-28,53.53,0.84,34.0,-118.0,0.84,233.3,1019.7,65.86,54.7,65.86,53.34,6.0,9.464,206.0,10.14,3.45
289,63.79,53.83,63.79,48.93,0.5,2019-02-27,47.05,0.74,34.0,-118.0,0.8,238.4,1020.5,64.29,53.34,64.29,48.44,7.0,9.994,240.0,10.58,3.06
290,65.48,48.93,65.48,47.04,0.39,2019-02-26,45.36,0.7,34.0,-118.0,0.77,255.5,1018.6,65.98,48.44,65.98,46.55,5.0,9.968,203.0,10.61,3.2
291,66.26,47.04,66.26,47.98,0.17,2019-02-25,39.99,0.55,34.0,-118.0,0.74,266.8,1018.2,66.76,46.55,66.76,47.49,6.0,10.0,148.0,8.84,2.93
292,65.83,47.98,65.83,45.06,0.24,2019-02-24,33.17,0.47,34.0,-118.0,0.71,277.6,1021.0,66.33,47.49,66.33,45.63,6.0,10.0,220.0,10.93,3.29
293,60.82,45.06,60.82,38.17,0.07,2019-02-23,31.0,0.49,34.0,-118.0,0.67,283.2,1025.4,61.32,45.63,61.32,40.56,6.0,10.0,319.0,12.64,4.23
294,58.22,38.17,58.22,38.45,0.09,2019-02-22,28.98,0.52,34.0,-118.0,0.64,317.3,1016.2,58.72,40.56,58.72,37.96,6.0,10.0,194.0,14.1,4.19
295,53.54,38.45,53.54,39.86,0.29,2019-02-21,37.99,0.78,34.0,-118.0,0.6,385.6,1004.8,53.96,37.96,53.96,40.4,4.0,9.789,125.0,16.3,3.49
296,53.2,41.99,53.2,36.81,0.39,2019-02-20,36.94,0.71,34.0,-118.0,0.56,343.1,1013.5,53.65,41.5,53.65,38.43,4.0,9.81,80.0,11.95,3.94
297,56.4,36.81,56.4,38.87,0.01,2019-02-19,26.03,0.44,34.0,-118.0,0.52,330.6,1020.4,56.9,38.43,56.9,39.07,5.0,10.0,200.0,13.65,4.14
298,54.93,38.87,54.93,36.35,0.12,2019-02-18,29.53,0.53,34.0,-118.0,0.48,331.3,1018.1,55.43,39.07,55.43,38.38,5.0,10.0,194.0,16.72,3.76
299,52.74,36.35,52.74,41.95,0.22,2019-02-17,38.24,0.71,34.0,-118.0,0.44,344.0,1017.4,53.19,38.38,53.19,41.46,4.0,10.0,250.0,25.28,5.59
300,58.03,41.95,58.03,43.03,0.11,2019-02-16,40.32,0.7,34.0,-118.0,0.4,293.5,1019.8,58.53,41.46,58.53,43.73,5.0,9.949,250.0,21.14,5.54
301,56.41,43.03,56.41,47.59,0.66,2019-02-15,47.72,0.87,34.0,-118.0,0.37,265.1,1018.7,56.91,43.73,56.91,47.2,4.0,9.211,219.0,15.54,3.26
302,59.43,47.69,59.43,51.46,0.94,2019-02-14,54.36,0.96,34.0,-118.0,0.33,251.2,1011.0,59.58,47.2,59.58,50.97,4.0,4.164,198.0,28.94,5.77
303,58.29,45.64,58.29,45.64,0.95,2019-02-13,31.54,0.5,34.0,-118.0,0.29,260.8,1014.5,58.79,49.0,58.79,49.0,4.0,9.245,77.0,20.3,5.24
304,66.63,53.53,66.63,42.73,0.59,2019-02-12,22.01,0.3,34.0,-118.0,0.26,280.1,1019.4,67.13,53.04,67.13,44.98,5.0,10.0,59.0,19.71,4.55
305,60.73,42.73,60.73,37.54,0.03,2019-02-11,30.5,0.52,34.0,-118.0,0.23,304.1,1021.6,61.23,44.98,61.23,37.37,5.0,10.0,62.0,10.71,3.26
306,52.25,37.54,52.25,43.72,0.48,2019-02-10,42.8,0.81,34.0,-118.0,0.19,288.8,1017.5,52.75,37.37,52.75,44.38,4.0,9.491,302.0,16.79,3.78
307,57.69,45.28,57.69,41.04,0.34,2019-02-09,42.11,0.76,34.0,-118.0,0.16,299.3,1017.3,58.19,44.89,58.19,43.57,4.0,9.716,36.0,12.42,4.27
308,61.65,41.04,61.65,40.75,0.07,2019-02-08,31.46,0.48,34.0,-118.0,0.13,299.1,1019.7,62.15,43.57,62.15,42.74,5.0,10.0,92.0,10.74,4.24
309,61.02,40.75,61.02,36.73,0.02,2019-02-07,28.86,0.47,34.0,-118.0,0.1,305.0,1024.1,61.52,42.74,61.52,39.39,4.0,10.0,47.0,11.67,3.95
310,54.61,36.73,54.61,36.55,0.01,2019-02-06,26.65,0.47,34.0,-118.0,0.07,307.0,1019.8,55.11,39.39,55.11,37.8,4.0,10.0,265.0,20.07,4.83
311,52.53,36.55,52.53,38.53,0.47,2019-02-05,41.59,0.81,34.0,-118.0,0.04,287.9,1013.3,53.03,37.8,53.03,42.24,4.0,9.459,241.0,18.82,4.55
312,56.76,45.16,56.76,47.34,0.68,2019-02-04,49.26,0.91,34.0,-118.0,0.01,276.6,1010.9,57.26,44.67,57.26,48.45,3.0,8.215,172.0,19.02,5.02
313,53.5,47.34,53.5,48.02,0.71,2019-02-03,50.13,0.97,34.0,-118.0,0.98,267.3,1012.8,54.0,48.8,54.0,47.85,4.0,7.533,114.0,13.1,3.55
314,56.47,48.02,56.47,49.31,0.81,2019-02-02,51.44,0.95,34.0,-118.0,0.95,259.7,1010.9,56.97,47.85,56.97,48.82,3.0,6.316,89.0,33.01,5.54
315,61.63,51.81,61.63,48.69,0.46,2019-02-01,47.78,0.78,34.0,-118.0,0.92,249.9,1015.2,62.13,51.32,62.13,48.2,4.0,10.0,107.0,12.67,3.32
316,57.03,48.69,57.03,51.41,0.49,2019-01-31,51.21,0.89,34.0,-118.0,0.89,292.4,1014.1,57.53,48.2,57.53,50.92,3.0,9.052,75.0,18.12,4.09
317,66.63,53.58,66.63,53.82,0.34,2019-01-30,53.38,0.84,34.0,-118.0,0.86,264.7,1013.1,67.13,53.09,67.13,53.33,4.0,9.996,208.0,10.17,2.67
318,70.49,53.82,70.49,57.2,0.4,2019-01-29,48.06,0.61,34.0,-118.0,0.83,236.9,1013.0,70.99,53.33,70.99,56.71,5.0,10.0,195.0,9.49,3.04
319,74.49,57.86,74.49,51.46,0.39,2019-01-28,39.32,0.44,34.0,-118.0,0.79,232.3,1015.2,74.99,57.37,74.99,50.97,4.0,10.0,198.0,6.03,2.27
320,77.27,51.46,77.27,53.52,0.2,2019-01-27,30.98,0.31,34.0,-118.0,0.76,252.5,1019.0,77.77,50.97,77.77,53.03,4.0,10.0,183.0,9.64,3.57
321,78.01,53.52,78.01,58.87,0.18,2019-01-26,19.49,0.17,34.0,-118.0,0.73,263.1,1022.1,78.51,53.03,78.51,58.38,4.0,10.0,158.0,15.85,4.08
322,76.01,58.87,76.01,51.5,0.05,2019-01-25,25.31,0.24,34.0,-118.0,0.69,273.9,1020.3,76.51,58.38,76.51,51.01,4.0,10.0,67.0,11.7,4.27
323,78.17,51.5,78.17,50.08,0.08,2019-01-24,28.76,0.3,34.0,-118.0,0.65,257.4,1020.4,78.67,51.01,78.67,49.59,4.0,10.0,81.0,13.07,4.09
324,68.35,50.08,68.35,45.5,0.0,2019-01-23,22.31,0.29,34.0,-118.0,0.62,260.3,1025.1,68.85,49.59,68.85,46.14,4.0,10.0,247.0,7.95,3.14
325,66.48,45.5,66.48,45.72,0.08,2019-01-22,20.79,0.28,34.0,-118.0,0.58,280.5,1024.1,66.98,46.14,66.98,45.33,4.0,10.0,193.0,9.81,2.66
326,59.78,45.72,59.78,50.6,0.08,2019-01-21,35.64,0.52,34.0,-118.0,0.54,312.7,1017.8,60.28,45.33,60.28,50.11,3.0,9.992,289.0,25.55,7.91
327,72.68,50.6,72.68,55.75,0.53,2019-01-20,46.78,0.59,34.0,-118.0,0.5,238.9,1017.7,73.18,50.11,73.18,55.26,3.0,9.97,327.0,11.78,3.68
328,77.26,55.75,77.26,50.83,0.17,2019-01-19,45.36,0.56,34.0,-118.0,0.46,232.9,1023.2,77.76,55.26,77.76,50.34,4.0,10.0,34.0,11.17,3.08
329,63.42,50.83,63.42,53.33,0.49,2019-01-18,53.55,0.88,34.0,-118.0,0.42,240.6,1023.8,63.92,50.34,63.92,52.84,4.0,9.816,176.0,7.71,2.38
330,61.1,53.33,61.1,54.57,0.86,2019-01-17,57.6,0.98,34.0,-118.0,0.38,262.3,1021.2,61.35,52.84,61.35,54.08,3.0,6.058,203.0,26.07,6.18
331,58.66,56.7,58.66,50.99,0.89,2019-01-16,54.72,0.97,34.0,-118.0,0.35,275.0,1021.4,59.15,56.21,59.15,50.5,3.0,6.604,97.0,17.28,5.35
332,56.62,46.55,56.62,46.55,0.82,2019-01-15,48.73,0.89,34.0,-118.0,0.31,283.3,1017.7,57.12,49.16,57.12,49.16,3.0,9.347,59.0,21.72,4.76
333,54.96,49.27,55.11,50.05,0.76,2019-01-14,45.94,0.82,34.0,-118.0,0.28,293.1,1016.6,55.46,49.47,55.61,49.56,3.0,8.109,65.0,20.54,5.71
334,60.27,52.03,60.27,44.97,0.21,2019-01-13,42.54,0.68,34.0,-118.0,0.25,271.6,1018.2,60.77,51.54,60.77,45.85,3.0,10.0,42.0,10.48,3.38
335,57.2,44.97,57.2,46.71,0.47,2019-01-12,47.94,0.86,34.0,-118.0,0.22,310.7,1017.2,57.7,45.85,57.7,48.36,2.0,9.661,55.0,18.55,3.93
336,64.0,46.71,64.0,49.81,0.53,2019-01-11,49.52,0.84,34.0,-118.0,0.19,268.7,1017.8,64.5,48.36,64.5,49.32,3.0,9.072,72.0,9.4,2.79
337,64.32,49.81,64.32,50.05,0.19,2019-01-10,49.14,0.79,34.0,-118.0,0.16,275.4,1019.8,64.82,49.32,64.82,49.56,3.0,9.888,196.0,9.11,2.88
338,68.07,50.05,68.07,49.62,0.3,2019-01-09,45.86,0.66,34.0,-118.0,0.13,264.7,1020.1,68.57,49.56,68.57,49.13,3.0,10.0,296.0,13.25,3.52
339,72.98,49.62,72.98,51.52,0.39,2019-01-08,43.57,0.58,34.0,-118.0,0.1,251.0,1019.6,73.48,49.13,73.48,51.03,3.0,10.0,66.0,11.77,3.42
340,60.14,51.52,60.14,45.89,0.58,2019-01-07,48.13,0.82,34.0,-118.0,0.07,258.3,1023.1,60.64,51.03,60.64,47.77,3.0,9.261,61.0,12.81,3.53
341,58.58,45.89,58.58,45.32,0.31,2019-01-06,44.97,0.78,34.0,-118.0,0.03,280.7,1019.2,59.08,47.77,59.08,45.74,3.0,9.692,358.0,12.78,3.37
342,57.91,45.16,57.91,45.37,0.69,2019-01-05,40.1,0.64,34.0,-118.0,0.0,251.9,1014.8,58.41,45.74,58.41,47.15,3.0,9.887,61.0,13.17,3.11
343,65.07,49.76,65.07,43.19,0.01,2019-01-04,29.84,0.41,34.0,-118.0,0.97,258.1,1016.7,65.57,49.27,65.57,43.87,3.0,10.0,88.0,8.46,3.07
344,66.57,43.19,66.57,42.52,0.0,2019-01-03,23.32,0.33,34.0,-118.0,0.94,271.7,1021.5,67.07,43.87,67.07,43.5,3.0,10.0,8.0,12.36,2.93
345,62.08,42.52,62.08,39.83,0.11,2019-01-02,11.8,0.22,34.0,-118.0,0.91,309.3,1022.8,62.58,43.5,62.58,41.43,3.0,10.0,195.0,9.83,3.17
346,58.38,39.83,58.38,40.54,0.05,2019-01-01,2.76,0.14,34.0,-118.0,0.88,354.3,1020.2,58.88,41.43,58.88,44.17,2.0,10.0,130.0,18.9,4.25
347,60.85,40.54,60.85,48.52,0.28,2018-12-31,30.27,0.51,34.0,-118.0,0.85,325.3,1012.6,61.35,44.17,61.35,48.03,3.0,10.0,63.0,19.22,3.72
348,63.35,48.52,63.35,43.25,0.06,2018-12-30,31.36,0.46,34.0,-118.0,0.81,296.3,1017.4,63.85,48.03,63.85,42.76,3.0,10.0,155.0,9.7,2.97
349,61.24,43.25,61.24,40.99,0.07,2018-12-29,15.04,0.24,34.0,-118.0,0.78,306.7,1024.9,61.74,42.76,61.74,40.5,3.0,10.0,216.0,9.9,2.77
350,58.69,40.99,58.69,47.21,0.02,2018-12-28,9.87,0.18,34.0,-118.0,0.74,323.1,1019.9,59.19,40.5,59.19,48.44,3.0,10.0,103.0,15.95,3.58
351,63.73,47.21,63.73,49.12,0.12,2018-12-27,38.54,0.59,34.0,-118.0,0.71,302.0,1014.1,64.23,48.44,64.23,48.63,3.0,10.0,66.0,17.0,3.67
352,64.01,49.12,64.01,47.45,0.08,2018-12-26,41.65,0.62,34.0,-118.0,0.67,291.5,1015.8,64.51,48.63,64.51,46.96,3.0,10.0,161.0,9.25,3.19
353,65.17,47.45,65.17,52.47,0.18,2018-12-25,44.91,0.67,34.0,-118.0,0.63,317.9,1010.2,65.67,46.96,65.67,51.98,2.0,9.904,251.0,16.34,4.13
354,65.33,52.47,65.33,51.25,0.32,2018-12-24,51.18,0.82,34.0,-118.0,0.59,266.1,1016.4,65.83,51.98,65.83,50.76,3.0,8.728,178.0,10.44,2.86
355,65.69,51.25,65.69,51.67,0.35,2018-12-23,49.64,0.77,34.0,-118.0,0.56,267.5,1019.8,66.19,50.76,66.19,51.18,3.0,8.801,202.0,6.66,2.32
356,69.6,51.67,69.6,50.48,0.17,2018-12-22,46.98,0.68,34.0,-118.0,0.52,278.0,1017.5,70.1,51.18,70.1,49.99,3.0,9.985,217.0,7.14,2.31
357,69.63,50.48,69.63,56.74,0.49,2018-12-21,46.78,0.6,34.0,-118.0,0.48,270.1,1015.6,70.13,49.99,70.13,56.25,3.0,9.765,151.0,7.89,2.34
358,78.88,56.74,78.88,53.29,0.09,2018-12-20,39.36,0.44,34.0,-118.0,0.44,251.1,1018.8,79.38,56.25,79.38,52.8,3.0,10.0,44.0,9.23,2.84
359,76.55,53.29,76.55,50.59,0.01,2018-12-19,46.42,0.6,34.0,-118.0,0.41,253.5,1020.8,77.05,52.8,77.05,50.1,3.0,10.0,317.0,12.55,2.43
360,66.88,50.59,66.88,54.15,0.24,2018-12-18,52.97,0.82,34.0,-118.0,0.37,264.0,1021.7,67.38,50.1,67.38,53.66,3.0,10.0,211.0,8.11,2.53
361,65.74,54.15,65.74,54.35,0.52,2018-12-17,53.09,0.83,34.0,-118.0,0.34,304.7,1021.4,66.24,53.66,66.24,53.86,3.0,9.902,226.0,12.61,3.23
362,70.64,54.35,70.64,49.68,0.11,2018-12-16,40.38,0.53,34.0,-118.0,0.3,279.1,1020.2,71.14,53.86,71.14,49.19,3.0,10.0,141.0,9.19,2.53
363,74.41,49.68,74.41,52.31,0.07,2018-12-15,27.29,0.3,34.0,-118.0,0.27,299.4,1018.5,74.91,49.19,74.91,51.82,3.0,10.0,12.0,8.42,3.15
364,68.99,52.31,68.99,57.1,0.87,2018-12-14,26.4,0.26,34.0,-118.0,0.24,280.8,1021.0,69.49,51.82,69.49,56.61,2.0,10.0,41.0,9.73,3.09
